product_id,name,category,brand,price,rating,reviews
1,Lenovo IdeaPad Gaming 3,Gaming Laptop,Lenovo,69999,4.4,"Excellent performance for gaming and programming. The display is good and keyboard feels comfortable. Battery life is average but overall performance is excellent. Some users reported heating during long gaming sessions."
2,HP Pavilion 15,Programming Laptop,HP,64999,4.3,"Good laptop for programming and office work. The keyboard is comfortable and performance is smooth. Battery backup is decent. Some customers mentioned that the display could be better."
3,ASUS TUF Gaming F15,Gaming Laptop,ASUS,74999,4.5,"Very good gaming performance and excellent cooling. The build quality feels strong and the keyboard is good. Battery life is not great. Users appreciate the GPU performance."
4,Dell Inspiron 15,Programming Laptop,Dell,59999,4.2,"Reliable laptop for students and professionals. Good build quality and comfortable keyboard. Performance is suitable for coding and office work. Some reviews mention average speakers."
5,Apple MacBook Air M2,Programming Laptop,Apple,89999,4.7,"Excellent battery life, premium build and very smooth performance. Great for programming and everyday work. The display is excellent. Users complain about limited ports and the high price."
6,Samsung Galaxy S24,Camera Phone,Samsung,69999,4.6,"Excellent camera quality and display. Battery performance is good and the phone feels premium. Performance is fast. Some users feel the battery could be better."
7,Google Pixel 8,Camera Phone,Google,59999,4.5,"Amazing camera processing and excellent photography. Clean software experience and good display. Battery is acceptable. Users love the camera but some report heating."
8,OnePlus 12,Performance Phone,OnePlus,64999,4.6,"Excellent performance and fast charging. Battery life is very good. Display quality is excellent. Camera is good but not the best in this price range."
9,iPhone 15,Camera Phone,Apple,69999,4.7,"Excellent camera, smooth performance and premium build. Battery is good for normal use. Great video quality. Users complain about the charging speed."
10,Xiaomi Pad 6,Tablet,Xiaomi,29999,4.4,"Excellent tablet for students and entertainment. Good display and strong performance for the price. Battery life is good. Speakers are impressive."
11,Samsung Galaxy Tab S9,Tablet,Samsung,69999,4.5,"Premium tablet with excellent display and strong performance. Great for productivity and entertainment. Battery life is good. Main complaint is the price."
12,Logitech MX Master 3S,Accessory,Logitech,8999,4.7,"Excellent wireless mouse for productivity. Comfortable design and precise tracking. Battery lasts a long time. Some users find it expensive."
13,Sony WH-1000XM5,Headphones,Sony,29999,4.6,"Excellent noise cancellation and very good sound quality. Comfortable for long use. Battery life is strong. Some users feel the build could be stronger."
14,Nothing Phone 2,Performance Phone,Nothing,39999,4.3,"Unique design and smooth software. Performance is good and display quality is excellent. Battery is decent. Camera performance is average."
15,HP Victus Gaming,Gaming Laptop,HP,72999,4.4,"Good gaming performance and excellent value for money. Display and keyboard are good. Battery life is average. Some users report heating during intensive gaming."